{
  "$schema": "https://schemas.tokens.studio/1.0.0",
  "name": "Enterprise Design System",
  "description": "Design tokens voor Sevensa/RentGuy Enterprise Design System",
  "colors": {
    "primary": {
      "teal": {
        "value": "#00A896",
        "type": "color",
        "description": "Primary brand color - teal"
      },
      "blue": {
        "value": "#007BFF",
        "type": "color",
        "description": "Primary action color - blue"
      }
    },
    "secondary": {
      "dark": {
        "value": "#2D3A4D",
        "type": "color",
        "description": "Secondary dark color for navigation and headers"
      },
      "darkAlt": {
        "value": "#3D4A5D",
        "type": "color",
        "description": "Alternative dark shade"
      }
    },
    "semantic": {
      "success": {
        "value": "#4CAF50",
        "type": "color",
        "description": "Success state color - green"
      },
      "warning": {
        "value": "#FFA726",
        "type": "color",
        "description": "Warning state color - orange"
      },
      "error": {
        "value": "#F44336",
        "type": "color",
        "description": "Error state color - red"
      },
      "info": {
        "value": "#00A896",
        "type": "color",
        "description": "Info state color - teal"
      }
    },
    "neutral": {
      "gray": {
        "50": {
          "value": "#F9FAFB",
          "type": "color"
        },
        "100": {
          "value": "#F3F4F6",
          "type": "color"
        },
        "200": {
          "value": "#E5E7EB",
          "type": "color"
        },
        "300": {
          "value": "#D1D5DB",
          "type": "color"
        },
        "400": {
          "value": "#9CA3AF",
          "type": "color"
        },
        "500": {
          "value": "#6B7280",
          "type": "color"
        },
        "600": {
          "value": "#4B5563",
          "type": "color"
        },
        "700": {
          "value": "#374151",
          "type": "color"
        },
        "800": {
          "value": "#1F2937",
          "type": "color"
        },
        "900": {
          "value": "#111827",
          "type": "color"
        }
      },
      "white": {
        "value": "#FFFFFF",
        "type": "color"
      },
      "black": {
        "value": "#000000",
        "type": "color"
      }
    },
    "background": {
      "primary": {
        "value": "#FFFFFF",
        "type": "color"
      },
      "secondary": {
        "value": "#F9FAFB",
        "type": "color"
      },
      "tertiary": {
        "value": "#F3F4F6",
        "type": "color"
      },
      "success": {
        "value": "#E8F5E9",
        "type": "color"
      },
      "warning": {
        "value": "#FFF3E0",
        "type": "color"
      },
      "error": {
        "value": "#FFEBEE",
        "type": "color"
      },
      "info": {
        "value": "#E0F2F1",
        "type": "color"
      }
    },
    "border": {
      "default": {
        "value": "#D1D5DB",
        "type": "color"
      },
      "light": {
        "value": "#E5E7EB",
        "type": "color"
      },
      "dark": {
        "value": "#9CA3AF",
        "type": "color"
      },
      "primary": {
        "value": "#00A896",
        "type": "color"
      },
      "success": {
        "value": "#4CAF50",
        "type": "color"
      },
      "warning": {
        "value": "#FFA726",
        "type": "color"
      },
      "error": {
        "value": "#F44336",
        "type": "color"
      }
    },
    "text": {
      "primary": {
        "value": "#111827",
        "type": "color"
      },
      "secondary": {
        "value": "#6B7280",
        "type": "color"
      },
      "tertiary": {
        "value": "#9CA3AF",
        "type": "color"
      },
      "inverse": {
        "value": "#FFFFFF",
        "type": "color"
      },
      "link": {
        "value": "#00A896",
        "type": "color"
      },
      "success": {
        "value": "#4CAF50",
        "type": "color"
      },
      "warning": {
        "value": "#FFA726",
        "type": "color"
      },
      "error": {
        "value": "#F44336",
        "type": "color"
      }
    }
  },
  "typography": {
    "fontFamily": {
      "primary": {
        "value": "Montserrat, -apple-system, BlinkMacSystemFont, 'Segoe UI', Roboto, 'Helvetica Neue', Arial, sans-serif",
        "type": "fontFamily"
      },
      "mono": {
        "value": "'Courier New', Courier, monospace",
        "type": "fontFamily"
      }
    },
    "fontWeight": {
      "regular": {
        "value": "400",
        "type": "fontWeight"
      },
      "medium": {
        "value": "500",
        "type": "fontWeight"
      },
      "semibold": {
        "value": "600",
        "type": "fontWeight"
      },
      "bold": {
        "value": "700",
        "type": "fontWeight"
      }
    },
    "fontSize": {
      "xs": {
        "value": "12px",
        "type": "fontSize"
      },
      "sm": {
        "value": "14px",
        "type": "fontSize"
      },
      "base": {
        "value": "16px",
        "type": "fontSize"
      },
      "lg": {
        "value": "18px",
        "type": "fontSize"
      },
      "xl": {
        "value": "20px",
        "type": "fontSize"
      },
      "2xl": {
        "value": "24px",
        "type": "fontSize"
      },
      "3xl": {
        "value": "28px",
        "type": "fontSize"
      },
      "4xl": {
        "value": "32px",
        "type": "fontSize"
      }
    },
    "lineHeight": {
      "tight": {
        "value": "1.25",
        "type": "lineHeight"
      },
      "normal": {
        "value": "1.5",
        "type": "lineHeight"
      },
      "relaxed": {
        "value": "1.75",
        "type": "lineHeight"
      }
    }
  },
  "spacing": {
    "0": {
      "value": "0px",
      "type": "spacing"
    },
    "1": {
      "value": "4px",
      "type": "spacing"
    },
    "2": {
      "value": "8px",
      "type": "spacing"
    },
    "3": {
      "value": "12px",
      "type": "spacing"
    },
    "4": {
      "value": "16px",
      "type": "spacing"
    },
    "5": {
      "value": "20px",
      "type": "spacing"
    },
    "6": {
      "value": "24px",
      "type": "spacing"
    },
    "8": {
      "value": "32px",
      "type": "spacing"
    },
    "10": {
      "value": "40px",
      "type": "spacing"
    },
    "12": {
      "value": "48px",
      "type": "spacing"
    },
    "16": {
      "value": "64px",
      "type": "spacing"
    },
    "20": {
      "value": "80px",
      "type": "spacing"
    }
  },
  "borderRadius": {
    "none": {
      "value": "0px",
      "type": "borderRadius"
    },
    "sm": {
      "value": "4px",
      "type": "borderRadius"
    },
    "base": {
      "value": "8px",
      "type": "borderRadius"
    },
    "lg": {
      "value": "12px",
      "type": "borderRadius"
    },
    "xl": {
      "value": "16px",
      "type": "borderRadius"
    },
    "full": {
      "value": "9999px",
      "type": "borderRadius"
    }
  },
  "borderWidth": {
    "0": {
      "value": "0px",
      "type": "borderWidth"
    },
    "1": {
      "value": "1px",
      "type": "borderWidth"
    },
    "2": {
      "value": "2px",
      "type": "borderWidth"
    },
    "4": {
      "value": "4px",
      "type": "borderWidth"
    }
  },
  "shadow": {
    "none": {
      "value": "none",
      "type": "boxShadow"
    },
    "sm": {
      "value": "0 1px 2px 0 rgba(0, 0, 0, 0.05)",
      "type": "boxShadow"
    },
    "base": {
      "value": "0 1px 3px 0 rgba(0, 0, 0, 0.1), 0 1px 2px 0 rgba(0, 0, 0, 0.06)",
      "type": "boxShadow"
    },
    "md": {
      "value": "0 4px 6px -1px rgba(0, 0, 0, 0.1), 0 2px 4px -1px rgba(0, 0, 0, 0.06)",
      "type": "boxShadow"
    },
    "lg": {
      "value": "0 10px 15px -3px rgba(0, 0, 0, 0.1), 0 4px 6px -2px rgba(0, 0, 0, 0.05)",
      "type": "boxShadow"
    },
    "xl": {
      "value": "0 20px 25px -5px rgba(0, 0, 0, 0.1), 0 10px 10px -5px rgba(0, 0, 0, 0.04)",
      "type": "boxShadow"
    }
  },
  "breakpoints": {
    "mobile": {
      "value": "0px",
      "type": "breakpoint"
    },
    "tablet": {
      "value": "768px",
      "type": "breakpoint"
    },
    "desktop": {
      "value": "1024px",
      "type": "breakpoint"
    },
    "wide": {
      "value": "1280px",
      "type": "breakpoint"
    }
  },
  "zIndex": {
    "base": {
      "value": "0",
      "type": "zIndex"
    },
    "dropdown": {
      "value": "1000",
      "type": "zIndex"
    },
    "sticky": {
      "value": "1020",
      "type": "zIndex"
    },
    "fixed": {
      "value": "1030",
      "type": "zIndex"
    },
    "modalBackdrop": {
      "value": "1040",
      "type": "zIndex"
    },
    "modal": {
      "value": "1050",
      "type": "zIndex"
    },
    "popover": {
      "value": "1060",
      "type": "zIndex"
    },
    "tooltip": {
      "value": "1070",
      "type": "zIndex"
    }
  }
}

